LEA.TYPE,2009,2021,DIFF,PCT_INCREASE
CHARTER SCHOOL,1061,14085,13024,1227.521206409048
SCHOOL DISTRICT,19190,119260,100070,521.4695153725899
