REGION,2009,2021,DIFF,PCT_INCREASE
Capital,2462,3023,561,22.786352558895206
Central,1912,3193,1281,66.9979079497908
Finger Lakes,2104,3489,1385,65.82699619771863
Hudson Valley,5016,6901,1885,37.579744816586924
Long Island,4453,6012,1559,35.010105546822366
Mohawk,510,928,418,81.96078431372548
New York City,66884,104273,37389,55.90126188625082
North Country,234,1093,859,367.0940170940171
Southern Tier,811,1497,686,84.58692971639951
Western,1786,2936,1150,64.38969764837626
